-- phpMyAdmin SQL Dump
-- version 4.5.4.1deb2ubuntu2
-- http://www.phpmyadmin.net
--
-- Host: localhost
-- Generation Time: May 18, 2017 at 06:49 PM
-- Server version: 5.7.17-0ubuntu0.16.04.1
-- PHP Version: 7.0.15-0ubuntu0.16.04.4

SET SQL_MODE = "NO_AUTO_VALUE_ON_ZERO";
SET time_zone = "+00:00";


/*!40101 SET @OLD_CHARACTER_SET_CLIENT=@@CHARACTER_SET_CLIENT */;
/*!40101 SET @OLD_CHARACTER_SET_RESULTS=@@CHARACTER_SET_RESULTS */;
/*!40101 SET @OLD_COLLATION_CONNECTION=@@COLLATION_CONNECTION */;
/*!40101 SET NAMES utf8mb4 */;

--
-- Database: `MusicDS`
--
CREATE DATABASE IF NOT EXISTS `MusicDS` DEFAULT CHARACTER SET latin1 COLLATE latin1_swedish_ci;
USE `MusicDS`;

-- --------------------------------------------------------

--
-- Table structure for table `Autori`
--

CREATE TABLE `Autori` (
  `IDAutore` mediumint(20) NOT NULL,
  `Nome` varchar(100) NOT NULL,
  `AnnoNascita` year(4) DEFAULT NULL,
  `AnnoMorte` year(4) DEFAULT NULL,
  `Genere` varchar(50) NOT NULL,
  `Paese` varchar(50) DEFAULT NULL,
  `IdTagMe` int(11) NOT NULL
) ENGINE=InnoDB DEFAULT CHARSET=latin1;

--
-- Dumping data for table `Autori`
--

INSERT INTO `Autori` (`IDAutore`, `Nome`, `AnnoNascita`, `AnnoMorte`, `Genere`, `Paese`, `IdTagMe`) VALUES
(8, 'Vincenzo Bellini\r\n', NULL, NULL, 'Romantico Opera', 'Italia', 32668),
(9, 'Fryderyk Chopin\r\n', NULL, NULL, 'Romantico', 'Francia', 10823),
(10, 'Edvard Grieg\n', NULL, NULL, 'Romantico', 'Norvegia', 9514),
(11, 'Giacomo Puccini\r\n', NULL, NULL, 'Romantico Opera', 'Italia', 12750),
(12, 'Giuseppe Verdi', NULL, NULL, 'Romantico Opera', 'Italia', 12958),
(13, 'Modest Mussorgsky\r\n', NULL, NULL, 'Romantico', 'Russia', 64710),
(14, 'Friedrich Nietzsche\r\n', NULL, NULL, 'Romantico', NULL, 10671),
(15, 'Pyotr Ilyich Tchaikovsky\r\n', NULL, NULL, 'Romantico', 'Russia', 24503),
(16, 'Jean-Baptiste Accolay\n', NULL, NULL, 'Romantico', NULL, 3097365),
(17, 'Adolphe-Charles Adam\n', NULL, NULL, 'Romantico', NULL, 3775581),
(18, 'Dionisio Aguado\n', NULL, NULL, 'Romantico', NULL, 755513),
(19, 'Isaac Albeniz\n', NULL, NULL, 'Romantico', NULL, 15208),
(20, 'Eugen d Albert\n', NULL, NULL, 'Romantico', NULL, 1132741),
(21, 'Hugo Alfven\n', NULL, NULL, 'Romantico', NULL, 588305),
(22, 'Charles-Valentin Alkan\n', NULL, NULL, 'Romantico', NULL, 439458),
(23, 'Anton Bruckner\n', NULL, NULL, 'Romantico', 'Austria', 44012),
(24, 'Antonio Carlos Gomes\n', NULL, NULL, 'Romantico', NULL, 242045),
(25, 'Jean-Baptiste Arban\n', NULL, NULL, 'Romantico', NULL, 1584571),
(26, 'Mario Aspa\n', NULL, NULL, 'Romantico', NULL, 81361),
(27, 'Daniel Auber\n', NULL, NULL, 'Romantico', NULL, 238342),
(28, 'Milij Alekseevic Balakirev\n', NULL, NULL, 'Romantico', 'Russia', 143712),
(29, 'Michael William Balfe\n', NULL, NULL, 'Romantico', NULL, 145884),
(30, 'Granville Bantock\n', NULL, NULL, 'Romantico', NULL, 310732),
(31, 'Samuel Barber\n', NULL, NULL, 'Romantico', NULL, 78910),
(32, 'Arnold Bax\n', NULL, NULL, 'Romantico', NULL, 147152),
(34, 'Hector Berlioz\n', NULL, NULL, 'Romantico', 'Francia', 53424),
(35, 'Franz Berwald\n', NULL, NULL, 'Romantico', NULL, 405954),
(36, 'Georges Bizet\n', NULL, NULL, 'Romantico Opera', 'Francia', 67955),
(37, 'Arrigo Boito\n', NULL, NULL, 'Romantico', NULL, 84576),
(38, 'Alexander Borodin', NULL, NULL, 'Romantico', 'Russia', 143605),
(39, 'Giovanni Bottesini\n', NULL, NULL, 'Romantico', NULL, 392109),
(40, 'Johannes Brahms\n', NULL, NULL, 'Romantico', 'Germania', 16339),
(41, 'Max Bruch\n', NULL, NULL, 'Romantico', 'Germania', 155712),
(42, 'Hans von Bulow\n', NULL, NULL, 'Romantico', NULL, 945091),
(43, 'Alfredo Catalani\n', NULL, NULL, 'Romantico', NULL, 564547),
(44, 'Emmanuel Chabrier\n', NULL, NULL, 'Romantico', NULL, 901465),
(45, 'Ernest Chausson\n', NULL, NULL, 'Romantico', NULL, 331688),
(46, 'Aleksandr Sergeevic Dargomyzskij\n', NULL, NULL, 'Romantico', NULL, 1601),
(47, 'Francisco Tarrega\n', NULL, NULL, 'Romantico', NULL, 575924),
(48, 'Leo Delibes\n', NULL, NULL, 'Romantico', NULL, 178303),
(49, 'Erno Dohnanyi\n', NULL, NULL, 'Romantico', NULL, 1051972),
(50, 'Gaetano Donizetti\n', NULL, NULL, 'Romantico Opera', 'Italia', 37934),
(51, 'Franz Doppler\n', NULL, NULL, 'Romantico', NULL, 3371290),
(52, 'Arpad Doppler\n', NULL, NULL, 'Romantico', NULL, 2700244),
(53, 'Henri Duparc\n', NULL, NULL, 'Romantico', NULL, 1566275),
(54, 'Antonin Dvorak\n', NULL, NULL, 'Romantico', 'Austria', 76572),
(55, 'Edward Elgar\n', NULL, NULL, 'Romantico', NULL, 10085),
(56, 'Ferenc Erkel\n', NULL, NULL, 'Romantico', NULL, 779494),
(57, 'Gabriel Faure\r\n', NULL, NULL, 'Romantico', 'Francia', 73087),
(58, 'John Field\n', NULL, NULL, 'Romantico', NULL, 229134),
(59, 'Friedrich von Flotow\n', NULL, NULL, 'Romantico', NULL, 676623),
(60, 'Caesar Franck\r\n', NULL, NULL, 'Romantico', 'Belgio Francia', 15924),
(61, 'Nicola Gabrielli\r\n', NULL, NULL, 'Romantico', NULL, 7293350),
(62, 'Niels Gade\n', NULL, NULL, 'Romantico', NULL, 574470),
(63, 'Raffaele Galli\n', NULL, NULL, 'Romantico', NULL, 36942049),
(64, 'Aleksandr Glazunov\r\n', NULL, NULL, 'Romantico', 'Russia', 254781),
(65, 'Reinhold Moritzevic Gliare\r\n', NULL, NULL, 'Romantico', NULL, 999989),
(66, 'Mikhail Glinka', NULL, NULL, 'Romantico', 'Russia', 254773),
(67, 'Karl Goldmark\n', NULL, NULL, 'Romantico', NULL, 274059),
(68, 'Louis Moreau Gottschalk\n', NULL, NULL, 'Romantico', NULL, 269839),
(69, 'Charles Gounod\n', NULL, NULL, 'Romantico Sacra', 'Francia', 87319),
(71, 'Howard Hanson\n', NULL, NULL, 'Romantico', NULL, 362533),
(72, 'Johan Peter Emilius Hartmann\n', NULL, NULL, 'Romantico', NULL, 11780052),
(73, 'Stephen Heller\n', NULL, NULL, 'Romantico', NULL, 644660),
(74, 'Adolf von Henselt\n', NULL, NULL, 'Romantico', NULL, 1558603),
(75, 'Henri Herz\n', NULL, NULL, 'Romantico', NULL, 817447),
(76, 'Elisabeth von Herzogenberg\n', NULL, NULL, 'Romantico', NULL, 49140303),
(77, 'Ferdinand Hiller\n', NULL, NULL, 'Romantico', NULL, 1393838),
(78, 'Ernst Theodor Amadeus Hoffmann\r\n', NULL, NULL, 'Romantico', 'Germania', 10151),
(79, 'Hans Huber\n', NULL, NULL, 'Romantico', NULL, 1648362),
(80, 'Engelbert Humperdinck\n', NULL, NULL, 'Romantico', NULL, 5014151),
(81, 'Vincent d Indy\n', NULL, NULL, 'Romantico', NULL, 385666),
(82, 'Iosif Ivanovici\n', NULL, NULL, 'Romantico', NULL, 2813996),
(83, 'Leos Janacek\n', NULL, NULL, 'Romantico', NULL, 132809),
(84, 'Sigfrid Karg-Elert\n', NULL, NULL, 'Romantico', NULL, 1512230),
(85, 'Mieczyslaw Karlowicz\n', NULL, NULL, 'Romantico', NULL, 0),
(86, 'Cezar Antonovic Kjui\n', NULL, NULL, 'Romantico', NULL, 38766514),
(87, 'Franz Lachner\n', NULL, NULL, 'Romantico', NULL, 529036),
(88, 'Edouard Lalo\r\n', NULL, NULL, 'Romantico', NULL, 318744),
(89, 'Ruggero Leoncavallo\n', NULL, NULL, 'Romantico', NULL, 37938),
(90, 'Heinrich Lichner\n', NULL, NULL, 'Romantico', NULL, 3788603),
(91, 'Giuseppe Lillo\n', NULL, NULL, 'Romantico', NULL, 24369592),
(92, 'Adolf Fredrik Lindblad\n', NULL, NULL, 'Romantico', NULL, 3206851),
(93, 'Johann Carl Gottfried Loewe\n', NULL, NULL, 'Romantico', NULL, 153134),
(94, 'Alexander Campbell Mackenzie\n', NULL, NULL, 'Romantico', NULL, 634561),
(95, 'Gustav Mahler\n', NULL, NULL, 'Romantico', 'Austria', 65174),
(96, 'Heinrich Marschner\n', NULL, NULL, 'Romantico', NULL, 899743),
(97, 'Daniel Gregory Mason\n', NULL, NULL, 'Romantico', NULL, 12316257),
(98, 'Jules Massenet\n', NULL, NULL, 'Romantico', 'Francia', 355236),
(99, 'Fanny Mendelssohn\n', NULL, NULL, 'Romantico', NULL, 174723),
(100, 'Felix Mendelssohn\n', NULL, NULL, 'Romantico', 'Germania', 76370),
(101, 'Saverio Mercadante\n', NULL, NULL, 'Romantico', NULL, 37932),
(102, 'Johann Kaspar Mertz\n', NULL, NULL, 'Romantico', NULL, 859095),
(103, 'Nikolaj Jakovlevic Mjaskovskij\n', NULL, NULL, 'Romantico', NULL, 0),
(104, 'Bernhard Molique\n', NULL, NULL, 'Romantico', NULL, 2371930),
(105, 'Stanislaw Moniuszko\n', NULL, NULL, 'Romantico', NULL, 2062469),
(106, 'Vittorio Monti\n', NULL, NULL, 'Romantico', NULL, 2243777),
(107, 'Moritz Moszkowski\n', NULL, NULL, 'Romantico', NULL, 1743639),
(108, 'Ludwig Norman\n', NULL, NULL, 'Romantico', NULL, 24383069),
(109, 'Jacques Offenbach\n', NULL, NULL, 'Romantico', 'Germania', 65414),
(110, 'Pablo de Sarasate\n', NULL, NULL, 'Romantico', NULL, 312466),
(111, 'Giovanni Pacini\n', NULL, NULL, 'Romantico', NULL, 37944),
(112, 'Fredrik Pacius\n', NULL, NULL, 'Romantico', NULL, 230569),
(113, 'Niccolo Paganini\r\n', NULL, NULL, 'Romantico', 'Italia', 21511),
(114, 'Charles Parry\n', NULL, NULL, 'Romantico', NULL, 125248),
(115, 'Felipe Pedrell\n', NULL, NULL, 'Romantico', NULL, 2248379),
(116, 'Wilhelm Peterson-Berger\n', NULL, NULL, 'Romantico', NULL, 2544957),
(117, 'Hans Pfitzner\n', NULL, NULL, 'Romantico', NULL, 224266),
(118, 'Johann Peter Pixis\n', NULL, NULL, 'Romantico', NULL, 7990897),
(119, 'Robert Planquette\n', NULL, NULL, 'Romantico', NULL, 221331),
(120, 'Amilcare Ponchielli\n', NULL, NULL, 'Romantico', NULL, 75907),
(121, 'David Popper\n', NULL, NULL, 'Romantico', NULL, 530289),
(122, 'Ciprian Porumbescu\n', NULL, NULL, 'Romantico', NULL, 240729),
(123, 'Sergej Sergeevic Prokofiev\n', NULL, NULL, 'Romantico', 'Russia', 27681),
(124, 'Sergej Vasilevic Rachmaninov\n', NULL, NULL, 'Romantico', 'Russia', 99340),
(125, 'Joachim Raff\n', NULL, NULL, 'Romantico', NULL, 323903),
(126, 'Max Reger\n', NULL, NULL, 'Romantico', NULL, 298396),
(127, 'Giulio Regondi\n', NULL, NULL, 'Romantico', NULL, 2687951),
(128, 'Carl Reinecke\n', NULL, NULL, 'Romantico', NULL, 889790),
(129, 'Julius Reubke\n', NULL, NULL, 'Romantico', NULL, 390653),
(130, 'Nikolai Rimsky-Korsakov\r\n', NULL, NULL, 'Romantico', 'Russia', 75847),
(131, 'Gioachino Rossini\n', NULL, NULL, 'Romantico', 'Italia', 12406),
(132, 'Anton Grigorevic Rubinstejn\n', NULL, NULL, 'Romantico', 'Polonia', 16079217),
(133, 'Camille Saint-Saens\n', NULL, NULL, 'Romantico', 'Francia', 48927),
(134, 'Emil von Sauer\n', NULL, NULL, 'Romantico', NULL, 2066526),
(135, 'Franz Schreker\n', NULL, NULL, 'Romantico', NULL, 974990),
(136, 'Franz Schubert\n', NULL, NULL, 'Romantico', 'Austria', 44888),
(137, 'Clara Schumann\n', NULL, NULL, 'Romantico', NULL, 45181),
(138, 'Robert Schumann\n', NULL, NULL, 'Romantico', 'Germania', 44887),
(139, 'Friedrich Seitz\n', NULL, NULL, 'Romantico', NULL, 37061747),
(140, 'Christian Sinding\n', NULL, NULL, 'Romantico', NULL, 386135),
(141, 'Bedaich Smetana\r\n', NULL, NULL, 'Romantico', 'Repubblica Ceca', 140422),
(142, 'John Philip Sousa\n', NULL, NULL, 'Romantico', NULL, 39753),
(143, 'Charles Villiers Stanford\n', NULL, NULL, 'Romantico', NULL, 214042),
(144, 'Wilhelm Stenhammar\n', NULL, NULL, 'Romantico', NULL, 311062),
(145, 'Richard Strauss\n', NULL, NULL, 'Romantico', NULL, 67482),
(146, 'Eduard Strauss\n', NULL, NULL, 'Romantico', NULL, 911667),
(147, 'Johann Strauss (padre)\n', NULL, NULL, 'Romantico', 'Germania', 133392),
(148, 'Johann Strauss (figlio)\n', NULL, NULL, 'Romantico', 'Austria', 133392),
(149, 'Josef Strauss\n', NULL, NULL, 'Romantico', NULL, 472387),
(150, 'Arthur Sullivan\n', NULL, NULL, 'Romantico', NULL, 45280),
(151, 'Franz von Suppa\r\n', NULL, NULL, 'Romantico', NULL, 2305121),
(152, 'Johan Svendsen\n', NULL, NULL, 'Romantico', NULL, 595133),
(153, 'Sergej Ivanovic Taneev\n', NULL, NULL, 'Romantico', NULL, 6631212),
(154, 'Sigismund Thalberg\n', NULL, NULL, 'Romantico', NULL, 530719),
(155, 'Ambroise Thomas\n', NULL, NULL, 'Romantico', NULL, 356938),
(156, 'Randall Thompson\n', NULL, NULL, 'Romantico', NULL, 2392282),
(157, 'Henri Vieuxtemps\n', NULL, NULL, 'Romantico', 'Belgio', 254687),
(158, 'Robert Volkmann\n', NULL, NULL, 'Romantico', NULL, 337511),
(159, 'Richard Wagner\n', NULL, NULL, 'Romantico', 'Germania', 25452),
(160, 'Emile Waldteufel\r\n', NULL, NULL, 'Romantico', NULL, 30873843),
(161, 'Carl Maria von Weber\n', NULL, NULL, 'Romantico', 'Germania', 45190),
(162, 'Charles-Marie Widor\n', NULL, NULL, 'Romantico', NULL, 141849),
(163, 'Henryk Wieniawski\n', NULL, NULL, 'Romantico', 'Polonia', 579097),
(164, 'Wladyslaw Zelenski\n', NULL, NULL, 'Romantico', NULL, 207239),
(165, 'Alexander von Zemlinsky\n', NULL, NULL, 'Romantico', NULL, 33787421),
(166, 'Luigi Boccherini\n', NULL, NULL, 'Classico', 'Italia', 212234),
(168, 'Bartolomeo Campagnoli\n', NULL, NULL, 'Classico', 'Italia', 11573799),
(169, 'Luigi Cherubini\n', NULL, NULL, 'Classico', 'Italia', 357363),
(170, 'Christoph Willibald Gluck\n', NULL, NULL, 'Classico', 'Austria', 99636),
(171, 'Johann Adolf Hasse\n', NULL, NULL, 'Classico', 'Germania', 214051),
(172, 'Franz Joseph Haydn\n', NULL, NULL, 'Classico', 'Austria', 16094),
(173, 'Niccolo Jommelli\n', NULL, NULL, 'Classico', 'Italia', 214105),
(174, 'Leopold Mozart\n', NULL, NULL, 'Classico', 'Austria', 70095),
(175, 'Giovanni Paisiello\n', NULL, NULL, 'Classico', 'Italia', 37945),
(176, 'Giovanni Battista Sammartini\n', NULL, NULL, 'Classico', 'Italia', 1397886),
(177, 'Giuseppe Scarlatti\n', NULL, NULL, 'Classico', 'Italia', 19197841),
(178, 'Gaspare Spontini\n', NULL, NULL, 'Classico', 'Italia', 261539),
(179, 'Johann Sebastian Bach\n', NULL, NULL, 'Classico', 'Germania', 9906294),
(181, 'Ludwig van Beethoven', NULL, NULL, 'Classico', 'Germania', 17914),
(183, 'Wolfgang Amadeus Mozart', NULL, NULL, 'Classico', 'Austria', 33163),
(184, 'Antonin Dvorak\r\n', NULL, NULL, 'Romantico', 'Austria', 76572);

-- --------------------------------------------------------

--
-- Table structure for table `Brani`
--

CREATE TABLE `Brani` (
  `IDBrano` mediumint(20) NOT NULL,
  `Titolo` varchar(100) NOT NULL,
  `IDAutore` varchar(20) NOT NULL,
  `Celebre` int(11) NOT NULL
) ENGINE=InnoDB DEFAULT CHARSET=latin1;

--
-- Dumping data for table `Brani`
--

INSERT INTO `Brani` (`IDBrano`, `Titolo`, `IDAutore`, `Celebre`) VALUES
(1, '24 Capricci per violino', '113', 1),
(130, 'Shahrazad, suite sinfonica, Op. 35, 1888\n', '130', 0),
(196, 'Faust ', '69', 0),
(197, 'Romeo et Juliette ', '69', 0),
(198, 'Ave Maria\n', '69', 1),
(199, 'Inno e Marcia Pontificia ', '69', 0),
(200, 'Lieder per tenore e pianoforte\n', '95', 0),
(201, 'Das Klagende Lied\n', '95', 1),
(202, 'Sinfonia n.1-10\n', '95', 0),
(203, 'Le roi de Lahore ', '98', 0),
(204, 'Herodiade ', '98', 0),
(205, 'Manon ', '98', 0),
(206, 'Le Cid ', '98', 0),
(207, 'Werther ', '98', 0),
(208, 'Esclarmonde ', '98', 0),
(209, 'Thais ', '98', 1),
(210, 'Cendrillon ', '98', 0),
(211, 'Sinfonia n. 1 op. 11 in Do minore, per piccola orchestra ', '100', 0),
(212, 'Sinfonia n. 2 op. 52 Lobgesang ', '100', 0),
(213, 'Sinfonia n. 3 op. 56 Scozzese in La minore ', '100', 1),
(214, 'Sinfonia n. 4 op. 90 Italiana in La Maggiore ', '100', 1),
(215, 'Sinfonia n. 5 op. 107 Riforma in Re Maggiore ', '100', 0),
(216, 'Concerto per violino e orchestra op. 64 in Mi minore\n', '100', 1),
(217, 'Le pas d acier, Op. 41\n', '123', 0),
(218, 'Romeo e Giulietta, Op. 64 ', '123', 0),
(219, 'Cenerentola, Op. 87 ', '123', 0),
(220, 'L amore delle tre melarance, Op. 33 ', '123', 0),
(221, 'Pierino e il lupo, op. 67: una favola in musica con voce recitante\n', '123', 1),
(222, 'Sinfonia n. 1 in Re Classica, Op. 25 ', '123', 0),
(223, 'Sinfonia n. 2 in Re minore Ferro e acciaio, Op. 40 ', '123', 0),
(224, 'Sinfonia n. 3 in Do minore, Op. 44 ', '123', 0),
(225, 'Sinfonia n. 4 in Do, Op. 47 ', '123', 0),
(226, 'Sinfonia n. 5 in Si bemolle, Op. 100 ', '123', 0),
(227, 'Sinfonia n. 6 in Mi bemolle minore, Op. 111 ', '123', 0),
(228, 'Sinfonia n. 7 in Do diesis minore, Op. 131 ', '123', 0),
(229, 'Concerto per pianoforte n. 1 in Re bemolle, Op. 10 ', '123', 0),
(230, 'Concerto per pianoforte n. 2 in Sol minore, Op. 16 ', '123', 0),
(231, 'Concerto per pianoforte n. 3 in Do, Op. 26 ', '123', 0),
(232, 'Concerto per pianoforte n. 4 in Si bemolle, Op. 53 ', '123', 0),
(233, 'Concerto per pianoforte n. 5 in Sol, Op. 55 ', '123', 0),
(234, 'Concerto per pianoforte op. 133 ', '123', 0),
(235, 'Concerto per violino n. 1 in Re maggiore, Op. 19 ', '123', 0),
(236, 'Concerto per violino n. 2 in Sol minore, Op. 63 ', '123', 0),
(237, 'Sonata per pianoforte n. 1 in Fa minore, Op. 1 ', '123', 0),
(238, 'Sonata per pianoforte n. 2 in Re minore, Op. 14 ', '123', 0),
(239, 'Sonata per pianoforte n. 3 in La minore, Op. 28 ', '123', 0),
(240, 'Sonata per pianoforte n. 4 in Do minore, Op. 29 ', '123', 0),
(241, 'Sonata per pianoforte n. 5 in Do maggiore, Op. 38 ', '123', 0),
(242, 'Sonata per pianoforte n. 6 in La maggiore, Op. 82 ', '123', 0),
(243, 'Sonata per pianoforte n. 7 in Si bemolle maggiore, Op. 83 ', '123', 0),
(244, 'Sonata per pianoforte n. 8 in Si bemolle maggiore, Op. 84 ', '123', 0),
(245, 'Sonata per pianoforte n. 9 in Do maggiore, Op. 103 ', '123', 0),
(246, 'Sonata per pianoforte n.10 in Mi minore, Op. 137 ', '123', 0),
(247, 'Sonata per pianoforte n.11, Op. 138 ', '123', 0),
(248, 'Quartetto d archi n. 1 in Si minore, Op. 50\n', '123', 0),
(249, 'Quartetto d archi n. 2 in Fa ', '123', 0),
(250, 'L isola dei morti ', '124', 0),
(251, 'Danze sinfoniche ', '124', 0),
(252, 'Concerto per pianoforte e orchestra n. 1 ', '124', 0),
(253, 'Concerto per pianoforte e orchestra n. 2 ', '124', 0),
(254, 'Concerto per pianoforte e orchestra n. 3 ', '124', 0),
(255, 'Concerto per pianoforte e orchestra n. 4 ', '124', 0),
(256, 'Rapsodia su un tema di Paganini	', '124', 0),
(257, 'Morceaux de fantaisie ', '124', 0),
(258, 'Six moments musicaux ', '124', 0),
(259, 'La fanciulla di Pskov\n', '130', 0),
(260, 'Notte di maggio\n', '130', 0),
(261, 'La fanciulla delle nevi\n', '130', 0),
(262, 'Mlada\n', '130', 0),
(263, 'La notte prima di Natale\n', '130', 0),
(264, 'Sadko\n', '130', 0),
(265, 'Mozart e Salieri\n', '130', 0),
(266, 'La boiarda Vera Seloga\n', '130', 0),
(267, 'La fidanzata dello Zar\n', '130', 0),
(268, 'La favola dello zar Saltan\n', '130', 0),
(269, 'Servilia\n', '130', 0),
(270, 'Kascej l immortale\n', '130', 0),
(271, 'Pan Voevoda\n', '130', 0),
(272, 'La leggenda dell invisibile citta di Kitez e della fanciulla Fevronija\n', '130', 0),
(273, 'Il gallo d oro\n', '130', 0),
(274, 'Sinfonia n. 1 in mi minore, Op. 1, 1861-1865 ', '130', 0),
(275, 'Antar, suite sinfonica, Op. 9, 1868 ', '130', 0),
(276, 'Sinfonia n. 3 in do maggiore, Op. 32, 1866-1873 ', '130', 0),
(278, 'Sinfonietta su temi russi in la minore\n', '32', 0),
(280, 'La grande Pasqua russa, ouverture, Op. 36, 1888\n', '32', 0),
(281, 'Demetrio e Polibio ', '131', 0),
(282, 'La cambiale di matrimonio ', '131', 0),
(283, 'L equivoco stravagante ', '131', 0),
(284, 'L inganno felice ', '131', 0),
(285, 'Ciro in Babilonia, o sia La caduta di Baldassare ', '131', 0),
(286, 'La scala di seta ', '131', 0),
(287, 'La pietra del paragone ', '131', 0),
(288, 'L occasione fa il ladro, ossia Il cambio della valigia ', '131', 0),
(289, 'Il signor Bruschino, ossia Il figlio per azzardo ', '131', 0),
(290, 'Tancredi ', '131', 0),
(291, 'La Italiana in Algeri ', '131', 1),
(292, 'Aureliano in Palmira ', '131', 0),
(293, 'Il Turco in Italia ', '131', 1),
(294, 'Sigismondo ', '131', 0),
(295, 'Elisabetta, Regina dInghilterra ', '131', 0),
(296, 'Torvaldo e Dorliska ', '131', 0),
(297, 'Il barbiere di Siviglia ', '131', 1),
(298, 'La gazzetta ', '131', 0),
(299, 'Otello, ossia Il moro di Venezia ', '131', 1),
(300, 'La Cenerentola, ossia La bonta in trionfo ', '131', 0),
(301, 'La gazza ladra ', '131', 1),
(302, 'Armida ', '131', 0),
(303, 'Adelaide di Borgogna ', '131', 0),
(304, 'Mose in Egitto ', '131', 0),
(305, 'Adina ', '131', 0),
(306, 'Ricciardo e Zoraide ', '131', 0),
(307, 'Ermione ', '131', 0),
(308, 'Eduardo e Cristina ', '131', 0),
(309, 'La donna del lago ', '131', 0),
(310, 'Bianca e Falliero, o sia Il consiglio dei Tre ', '131', 0),
(311, 'Maometto secondo ', '131', 0),
(312, 'Matilde di Shabran, o sia Bellezza e cuor di ferro ', '131', 0),
(313, 'Zelmira ', '131', 0),
(314, 'Semiramide ', '131', 1),
(315, 'Ugo, Re d Italia ', '131', 0),
(316, 'Il viaggio a Reims, ossia Lalbergo del giglio doro ', '131', 0),
(317, 'Ivanhoe ', '131', 0),
(318, 'Le siege de Corinthe, rifacimento di Maometto secondo ', '131', 0),
(319, 'Moise et Pharaon, ou Le passage de la Mer Rouge, rifacimento di Mose in Egitto ', '131', 0),
(320, 'Il Conte Ory ', '131', 0),
(321, 'Guillaume Tell ', '131', 1),
(322, 'Robert Bruce ', '131', 0),
(323, 'Le timbre dargent ', '133', 0),
(324, 'La princesse jaune, Op. 30 ', '133', 0),
(325, 'Samson et Dalila, Op. 47 ', '133', 0),
(326, 'Enrico VIII ', '133', 0),
(327, 'Ascanio ', '133', 0),
(328, 'Helene ', '133', 0),
(329, 'Dejanire ', '133', 0),
(330, 'Danza macabra ', '133', 0),
(331, 'Sinfonia No. 3 in Do minore ', '133', 0),
(332, 'Sei Bagatelle, Op. 3\n', '133', 0),
(333, 'Mazurka No. 1, Op. 21\n', '133', 0),
(334, 'Gavotta, Op. 23\n', '133', 0),
(335, 'Mazurka No. 2, Op. 24\n', '133', 0),
(336, 'Sei Studi, Op. 52\n', '133', 0),
(337, 'Menuet e valse, Op. 56\n', '133', 0),
(338, 'Sonata n. 13 in la maggiore D 664 ', '136', 0),
(339, 'Sonata n. 17 in re maggiore D 850 ', '136', 0),
(340, 'Fantasia in Do maggiore Wanderer D 760 op. 15\n', '136', 0),
(341, '4 Improvvisi op. 90 D 899\n', '136', 0),
(342, 'Quartetto per archi n. 1 D 18 ', '136', 0),
(343, 'Quartetto per archi n. 12 in do minore D 703\n', '136', 0),
(344, 'Quartetto per archi n. 13 in la minore Rosamunda D 804 ', '136', 0),
(345, 'Quartetto per archi n. 14 in re minore La morte e la fanciulla D 810\n', '136', 0),
(346, 'Sinfonia n. 1 in re maggiore D 82 ', '136', 0),
(347, 'Sinfonia n. 2 in si bemolle maggiore D 125 ', '136', 0),
(348, 'Sinfonia n. 3 in re maggiore D 200 ', '136', 0),
(349, 'Sinfonia n. 4 in do minore La tragica D 417 ', '136', 0),
(350, 'Sinfonia n. 5 in si bemolle maggiore D 485 ', '136', 0),
(351, 'Sinfonia n. 6 in do maggiore La piccola D 589 ', '136', 0),
(352, 'Sinfonia n. 7 in mi maggiore D 729 ', '136', 0),
(353, 'Sinfonia n. 8 in si minore Incompiuta D 759 ', '136', 0),
(354, 'Sinfonia n. 9 in do maggiore La grande D 944 ', '136', 0),
(355, 'Sinfonia n.10 in re maggiore "Lultima" D 936a\n', '136', 0),
(356, 'Variazioni Abegg op. 1 ', '138', 0),
(357, 'Papillons op. 2 ', '138', 0),
(358, 'Studi per pianoforte dai capricci di Paganini op. 3 ', '138', 0),
(359, 'Intermezzi op. 4 ', '138', 0),
(360, 'Improvvisi su una romanza di Clara Wieck op. 5 ', '138', 0),
(361, 'Davidsbundlertanze per pianoforte op. 6 ', '138', 0),
(362, 'Carnaval op. 9 ', '138', 0),
(363, 'Sei studi da concerto dai capricci di Paganini op. 10 ', '138', 0),
(364, 'Sonata N. 1 in fa diesis minore op. 11 ', '138', 0),
(365, 'Studi sinfonici op. 13 in forma di variazioni ', '138', 0),
(366, 'Kreisleriana op. 16 ', '138', 0),
(367, 'Fantasia op. 17 ', '138', 0),
(368, 'Arabeske op. 18 ', '138', 0),
(369, 'Novellette op. 21 ', '138', 0),
(370, 'Carnevale di Vienna op. 26 ', '138', 0),
(371, 'Tre romanze op. 28 ', '138', 0),
(372, 'Quintetto in Mib maggiore op. 44 per pianoforte e archi ', '138', 0),
(373, 'Quartetto in Mib maggiore op. 47 per pianoforte e archi ', '138', 0),
(374, 'Trio n. 3 in sol minore op. 110 per pianoforte, violino e violoncello ', '138', 0),
(375, 'Sinfonia n. 1 in si bemolle maggiore op. 38 Frühlingssinfonie ', '138', 0),
(376, 'Sinfonia n. 2 in do maggiore, op. 61 ', '138', 0),
(377, 'Sinfonia n. 3 in mi bemolle maggiore, op. 97 "Renana" ', '138', 0),
(378, 'Sinfonia n. 4 in re minore, op. 120 ', '138', 0),
(379, 'Sinfonia in sol minore ', '138', 0),
(380, 'Concerto per pianoforte e orchestra in la minore, op. 54 ', '138', 0),
(381, 'Concerto per violoncello e orchestra in la minore op. 129\n', '138', 0),
(382, 'Genoveva op. 81 ', '138', 0),
(383, 'Kinderszenen ', '138', 1),
(384, 'Carnaval op. 9, Breitkopf & Hartel, Leipzig, 1881\n', '138', 1),
(385, 'Cosi parlo Zarathustra ', '145', 0),
(386, 'Radetzky-Marsch op. 228\n', '145', 1),
(387, 'Valzer An der schonen blauen Donau\r\n', '145', 1),
(388, 'Lolandese volante\n', '159', 0),
(389, 'Tannhauser \n', '159', 0),
(390, 'Lohengrin\n', '159', 0),
(391, 'Lanello del Nibelungo \n', '159', 0),
(392, 'Loro del Reno\n', '159', 0),
(393, 'La Valchiria\n', '159', 0),
(394, 'Sigfrido\n', '159', 0),
(395, 'Il crepuscolo degli dei\n', '159', 0),
(396, 'Tristano e Isotta \n', '159', 0),
(397, 'I maestri cantori di Norimberga \n', '159', 0),
(398, 'Parsifal \n', '159', 0),
(402, 'Concerto per violino e orchestra n. 2, in si minore, Op. 7', '113', 1),
(403, 'Moto Perpetuo in sol maggiore, Op. 11, per violino e pianoforte ', '113', 1),
(404, 'Cantabile in re maggiore, Op. 17', '113', 1),
(405, 'Concerto per violino e orchestra n. 1, in re maggiore, Op. 6', '113', 0),
(406, 'Concerto per violino e orchestra n. 3, in mi maggiore', '113', 0),
(407, 'Norma', '8', 1),
(408, 'I Capuleti e i Montecchi', '8', 0),
(409, 'Il pirata', '8', 0),
(893, 'Holberg Suite, op. 40 ', '10', 0),
(894, 'Peer Gynt, suite n. 1, op. 46 ', '10', 1),
(895, 'Concerto per pianoforte e orchestra in La minore, op. 16 ', '10', 0),
(896, 'Ballata n. 1 in sol minore op. 23 ', '9', 1),
(897, 'Ballata n. 2 in fa maggiore op. 38 ', '9', 1),
(898, 'Ballata n. 3 in la bemolle maggiore op. 47 ', '9', 1),
(899, 'Ballata n. 4 in fa minore op. 52 ', '9', 1),
(900, 'N. 1: Studio in Do Maggiore ', '9', 0),
(901, 'N. 2: Studio in La Minore ', '9', 0),
(902, 'N. 3: Studio in Mi Maggiore ', '9', 0),
(903, 'N. 4: Studio in Do Diesis Minore ', '9', 0),
(904, 'N. 5: Studio in Sol Bemolle Maggiore ', '9', 0),
(905, 'N. 6: Studio in Mi Bemolle Minore ', '9', 0),
(906, 'N. 11: Studio in Mi Bemolle Maggiore ', '9', 0),
(907, 'N. 12: Studio in Do Minore ', '9', 0),
(908, 'Mazurche\n', '9', 0),
(909, 'Improvvisi\n', '9', 0),
(910, 'Notturni\n', '9', 0),
(911, 'Polacche\n', '9', 0),
(912, 'Preludi\n', '9', 0),
(913, 'Scherzo n. 1 in si minore op. 20 ', '9', 0),
(914, 'Scherzo n. 2 in si bemolle minore op. 31 ', '9', 0),
(915, 'Scherzo n. 3 in do diesis minore op. 39 ', '9', 0),
(916, 'Scherzo n. 4 in mi maggiore op. 54 ', '9', 0),
(917, 'Valzer\n', '9', 0),
(918, 'Le Villi\n', '11', 0),
(919, 'Edgar\n', '11', 0),
(920, 'Manon Lescaut\n', '11', 0),
(921, 'La boheme\n', '11', 1),
(922, 'Tosca\n', '11', 1),
(923, 'Madama Butterfly,\n', '11', 1),
(924, 'La fanciulla del West\n', '11', 0),
(925, 'La rondine\n', '11', 0),
(926, 'Il trittico: Il tabarro\n', '11', 0),
(927, 'Turandot\n', '11', 1),
(928, 'Oberto, Conte di San Bonifacio \n', '12', 0),
(929, 'Un giorno di regno\n', '12', 0),
(930, 'Nabucco \n', '12', 1),
(931, 'I Lombardi alla prima crociata \n', '12', 0),
(932, 'Ernani e I due Foscari \n', '12', 0),
(933, 'Giovanna dArco \n', '12', 0),
(934, 'Alzira \n', '12', 0),
(935, 'Attila \n', '12', 0),
(936, 'Macbeth \n', '12', 0),
(937, 'I masnadieri \n', '12', 0),
(938, 'Jerusalem \n', '12', 0),
(939, 'Il corsaro \n', '12', 0),
(940, 'La battaglia di Legnano \n', '12', 0),
(941, 'Luisa Miller \n', '12', 0),
(942, 'Stiffelio \n', '12', 0),
(943, 'Rigoletto \n', '12', 1),
(944, 'Il trovatore\n', '12', 0),
(945, 'La traviata \n', '12', 1),
(946, 'Les vêpres siciliennes \n', '12', 0),
(947, 'Simon Boccanegra \n', '12', 0),
(948, 'Aroldo\n', '12', 0),
(949, 'Un ballo in maschera \n', '12', 0),
(950, 'La forza del destino \n', '12', 0),
(951, 'Don Carlos \n', '12', 0),
(952, 'Aida \n', '12', 1),
(953, 'Otello \n', '12', 1),
(954, 'Falstaff\n', '12', 0),
(957, 'Edipo ad Atene\n', '13', 0),
(958, 'Salambo\n', '13', 0),
(959, 'Il matrimonio\n', '13', 0),
(960, 'Boris Godunov\n', '13', 0),
(961, 'Mlada\n', '13', 0),
(962, 'Una notte sul Monte Calvo\n', '13', 0),
(963, 'Opere per pianoforte \n', '13', 0),
(964, 'Quadri da un’esposizione\n', '13', 0),
(965, 'Op. 66 La bella addormentata, balletto ', '15', 0),
(966, 'Op. 71 Lo schiaccianoci, balletto ', '15', 1),
(967, 'Op. 71a Lo schiaccianoci, suite ', '15', 0),
(968, 'Op. 20 Il lago dei cigni, balleto ', '15', 1),
(969, 'Op. 35 Concerto per violino e orchestra in re maggiore ', '15', 0),
(970, 'Sinfonie 1-6\n', '15', 0),
(971, 'Concerto per pianoforte e orchestra n. 1, op. 1\n', '28', 0),
(972, 'Ouverture sul tema di una marcia spagnola, op. 2\n', '28', 0),
(973, 'Gran fantasia su canzoni popolari russe per pianoforte e orchestra, op. 4\n', '28', 0),
(974, 'Concerto per pianoforte e orchestra n. 2\n', '28', 0),
(975, 'Rus, poema sinfonico; dallantico nome della Russia\n', '28', 0),
(976, 'Sinfonia n. 1\n', '28', 0),
(977, 'Tamara, poema sinfonico ispirato a Il demone di Michail Jurevic Lermontov\n', '28', 0),
(978, 'Islamej, fantasia orientale per pianoforte, op. 18\n', '28', 0),
(979, 'Sinfonia n. 2\n', '28', 0),
(980, 'Waverley op. 1 ', '34', 0),
(981, 'Les Francs-juges op. 3 ', '34', 0),
(982, 'Symphonie fantastique op. 14 ', '34', 1),
(983, 'Le Roi Lear ', '34', 0),
(984, 'Rob Roy ', '34', 0),
(985, 'Harold en Italie op. 16 ', '34', 0),
(986, 'Reverie et caprice op. 8 per Violino e Orchestra ', '34', 0),
(987, 'Roméo et Juliette ', '34', 0),
(988, 'Grande symphonie funebre et triomphale op. 15 ', '34', 0),
(989, 'Le Carnaval romain op. 9 ', '34', 0),
(990, 'Le Corsaire op. 21 ', '34', 0),
(991, 'Ouverture de la Tempête ', '34', 0),
(992, 'Carnevale Romano\n', '34', 0),
(993, 'LArlesienne ', '36', 1),
(994, 'Don Rodrigue ', '36', 0),
(995, 'Carmen ', '36', 1),
(996, 'Marche funebre in Si minore ', '36', 0),
(997, 'Jeux denfants, 12 pezzi per pianoforte a 4 mani ', '36', 0),
(998, 'Il principe Igor\n', '38', 0),
(999, 'Mlada\n', '38', 0),
(1000, 'Orchestrali\n', '38', 0),
(1001, 'Sinfonia 1-2-3\n', '38', 0),
(1002, 'Nelle steppe dell Asia centrale\n', '38', 0),
(1003, 'n. 1 in do minore op. 68 ', '40', 0),
(1004, 'n. 2 in re maggiore op. 73 ', '40', 0),
(1005, 'n. 3 in fa maggiore op. 90 ', '40', 1),
(1006, 'n. 4 in mi minore op. 98 ', '40', 0),
(1007, 'Ouverture per una festa accademica in do minore op. 80 ', '40', 0),
(1008, 'Ouverture tragica in re minore op. 81 ', '40', 0),
(1009, 'Variazioni su un tema di Haydn, op. 56a ', '40', 0),
(1010, 'Serenata n. 1 in re maggiore op. 11 ', '40', 0),
(1011, 'Serenata n. 2 in la maggiore, op. 16 ', '40', 0),
(1012, 'Concerti per pianoforte e orchestra:\n', '40', 0),
(1013, 'n. 1 in re minore op. 15 ', '40', 0),
(1014, 'n. 2 in si bemolle maggiore op. 83 ', '40', 0),
(1015, 'Concerto per violino e orchestra in re maggiore, op. 77 ', '40', 0),
(1016, 'Doppio concerto per violino, violoncello e orchestra in la minore, op. 102 ', '40', 1),
(1017, 'Concerto per clarinetto, viola e orchestra in mi minore, op. 88\n', '41', 0),
(1018, 'Sinfonia n.1 in mi bemolle maggiore op. 28\n', '41', 0),
(1019, 'Sinfonia n.2 in fa minore op. 36\n', '41', 0),
(1020, 'Sinfonia n.3 in mi maggiore op. 51\n', '41', 0),
(1021, 'Suite su temi russi op.79b\n', '41', 0),
(1022, 'Il Pigmalione ', '50', 0),
(1023, 'Enrico di Borgogna ', '50', 0),
(1024, 'Il falegname di Livonia, ossia Pietro il grande ', '50', 0),
(1025, 'Le nozze in villa ', '50', 0),
(1026, 'Zoraida di Granata ', '50', 0),
(1027, 'La zingara ', '50', 0),
(1028, 'La lettera anonima ', '50', 0),
(1029, 'Chiara e Serafina, ossia I pirati ', '50', 0),
(1030, 'Alfredo il Grande ', '50', 0),
(1031, 'Il fortunato inganno ', '50', 0),
(1032, 'Zoraida di Granata [rev] ', '50', 0),
(1033, 'Lajo nellimbarazzo ', '50', 0),
(1034, 'Emilia di Liverpool ', '50', 0),
(1035, 'Alahor in Granata ', '50', 0),
(1036, 'Don Gregorio [rev di Lajo nellimbarazzo] ', '50', 0),
(1037, 'Elvida ', '50', 0),
(1038, 'Gabriella di Vergy ', '50', 0),
(1039, 'Olivo e Pasquale ', '50', 0),
(1040, 'Otto mesi in due ore ', '50', 0),
(1041, 'Il borgomastro di Saardam ', '50', 0),
(1042, 'Olivo e Pasquale [rev] ', '50', 0),
(1043, 'Le convenienze teatrali ', '50', 0),
(1044, 'Lesule di Roma, ossia Il proscritto ', '50', 0),
(1045, 'Emilia di Liverpool [rev] ', '50', 0),
(1046, 'Alina, regina di Golconda ', '50', 0),
(1047, 'Gianni di Calais ', '50', 0),
(1048, 'Il paria ', '50', 0),
(1049, 'Il giovedi grasso ', '50', 0),
(1050, 'Elisabetta al castello di Kenilworth ', '50', 0),
(1051, 'Alina, regina di Golconda [rev] ', '50', 0),
(1052, 'I pazzi per progetto ', '50', 0),
(1053, 'Il diluvio universale ', '50', 0),
(1054, 'Imelda de Lambertazzi ', '50', 0),
(1055, 'Anna Bolena ', '50', 0),
(1056, 'Le convenienze ed inconvenienze teatrali [rev di Le convenienze teatrali] ', '50', 0),
(1057, 'Gianni di Parigi ', '50', 0),
(1058, 'Francesca di Foix ', '50', 0),
(1059, 'La romanziera e luomo nero ', '50', 0),
(1060, 'Fausta ', '50', 0),
(1061, 'Ugo, Conte di Parigi ', '50', 0),
(1062, 'Lelisir damore ', '50', 0),
(1063, 'Sancia di Castiglia ', '50', 0),
(1064, 'Il furioso allisola di San Domingo ', '50', 0),
(1065, 'Otto mesi in due ore [rev] ', '50', 0),
(1066, 'Parisina dEste ', '50', 0),
(1067, 'Torquato Tasso ', '50', 0),
(1068, 'Lucrezia Borgia ', '50', 0),
(1069, 'Il diluvio universale [rev] ', '50', 0),
(1070, 'Rosmonda dInghilterra ', '50', 0),
(1071, 'Maria Stuarda [rev] ', '50', 0),
(1072, 'Gemma di Vergy ', '50', 0),
(1073, 'Marin Faliero ', '50', 0),
(1074, 'Lucia di Lammermoor ', '50', 1),
(1075, 'Maria Stuarda ', '50', 0),
(1076, 'Belisario ', '50', 0),
(1077, 'Il campanello ', '50', 0),
(1078, 'Betly, o La capanna svizzera ', '50', 0),
(1079, 'Lassedio di Calais ', '50', 0),
(1080, 'Pia de Tolomei ', '50', 0),
(1081, 'Roberto Devereux ', '50', 0),
(1082, 'Maria de Rudenz ', '50', 0),
(1083, 'Gabriella di Vergy [rev] ', '50', 0),
(1084, 'Poliuto ', '50', 0),
(1085, 'Pia de Tolomei [rev 2] ', '50', 0),
(1086, 'Le duc dAlbe ', '50', 0),
(1087, 'Lange de Nisida ', '50', 0),
(1088, 'Lucrezia Borgia [rev] ', '50', 0),
(1089, 'La Fille du régiment ', '50', 0),
(1090, 'Poliuto [rev] ', '50', 0),
(1091, 'Lucrezia Borgia [rev 2] ', '50', 0),
(1092, 'La Favorite [rev di Lange de Nisida] ', '50', 0),
(1093, 'Adelia ', '50', 0),
(1094, 'Rita, ou Le mari battu ', '50', 0),
(1095, 'Maria Padilla ', '50', 0),
(1096, 'Linda di Chamounix ', '50', 0),
(1097, 'Don Pasquale ', '50', 0),
(1098, 'Maria di Rohan ', '50', 0),
(1099, 'Dom Sebastien ', '50', 0),
(1100, 'Caterina Cornaro ', '50', 0),
(1101, 'Sinfonia n. 1 in do minore Le Campane di Zlonice B. 9 ', '54', 0),
(1102, 'Sinfonia n. 2 in si bem. maggiore ', '54', 0),
(1103, 'Sinfonia n. 3 in mi bem. maggiore op. 10 ', '54', 0),
(1104, 'Sinfonia n. 4 in re minore op. 13 ', '54', 0),
(1105, 'Sinfonia n. 5 in fa maggiore op. 76 ', '54', 0),
(1106, 'Sinfonia n. 6 in re maggiore op. 60 ', '54', 0),
(1107, 'Sinfonia n. 7 in re minore op. 70 ', '54', 0),
(1108, 'Sinfonia n. 8 in sol maggiore op. 88 ', '54', 0),
(1109, 'Sinfonia n. 9 in mi minore op. 95 Dal nuovo mondo ', '54', 0),
(1110, 'Stabat Mater op. 58, ', '54', 0),
(1111, 'Le bourgeois gentilhomme\n', '57', 0),
(1112, 'Pavane\n', '57', 0),
(1113, 'Ballade per pianoforte e orchestra\n', '57', 0),
(1114, 'Berceuse per violino e pianoforte\n', '57', 0),
(1115, 'Elegie, Romance e Sérénade per violoncello e pianoforte\n', '57', 0),
(1116, 'Dolly Suite\n', '57', 0),
(1117, 'Requiem\n', '57', 0),
(1118, 'Messe des pêcheurs de Villerville\n', '57', 0),
(1119, 'Messe basse\n', '57', 0),
(1120, 'Cantique de Jean Racine\n', '57', 0),
(1121, 'Sonata per violino n. 1\n', '57', 0),
(1122, 'Sonata per violino n. 2\n', '57', 0),
(1123, 'Trio per pianoforte\n', '57', 0),
(1124, 'Quartetto darchi\n', '57', 0),
(1125, 'Romance, Berceuse e Andante per violino e pianoforte\n', '57', 0),
(1126, 'Tredici Barcarole\n', '57', 0),
(1127, 'Tredici Notturni\n', '57', 0),
(1128, 'Cinque Improvvisi\n', '57', 0),
(1129, 'Ballate\n', '57', 0),
(1130, 'Penelope\n', '57', 0),
(1131, 'Sicilienne\n', '57', 0),
(1132, 'Fantasia per flauto e pianoforte\n', '57', 0),
(1134, 'Fernando Cortez\n', '178', 0),
(1135, 'La vestale\n', '178', 0),
(1136, 'Agnese di Hohenstaufen\n', '178', 0),
(1137, 'Griselda\n', '177', 0),
(1138, 'Stabat Mater\n', '177', 0),
(1139, 'Mitridate Eupatore\n', '177', 0),
(1140, 'Telemaco\n', '177', 0),
(1141, 'Orlando ', '177', 0),
(1142, 'Tetide in Sciro ', '177', 0),
(1143, 'Ifigenia in Aulide e in Tauride ', '177', 0),
(1144, 'Amor d un ombra e Narciso ', '177', 0),
(1145, 'Amleto ', '177', 0),
(1146, '555 sonate per clavicembalo\n', '177', 0),
(1147, '3 opere\n', '176', 0),
(1148, '50 sonate per organo, violoncello, violino, flauto\n', '176', 0),
(1149, '10 concerti per violoncello e ottavino, flauto, violino\n', '176', 0),
(1150, '68 sinfonie\n', '176', 0),
(1151, '7 concertini\n', '176', 0),
(1152, '4 marce\n', '176', 0),
(1153, '8 quintetti per archi\n', '176', 0),
(1154, '21 quartetti per archi e flauto\n', '176', 0),
(1155, '200 trii per archi\n', '176', 0),
(1156, '9 arie\n', '176', 0),
(1157, '8 cantate\n', '176', 0),
(1159, 'BWV 243 - Magnificat in Re maggiore\n', '179', 1),
(1160, 'BWV 243a - Magnificat in Mi bemolle maggiore\n', '179', 0),
(1161, 'BWV 244 - Passione secondo Matteo\n', '179', 1),
(1162, 'BWV 245 - Passione secondo Giovanni\n', '179', 0),
(1163, 'BWV 246 - Passione secondo Luca ', '179', 0),
(1164, 'BWV 247 - Passione secondo Marco\n', '179', 0),
(1165, 'BWV 248 - Oratorio di Natale\n', '179', 1),
(1166, 'BWV 249 - Oratorio di Pasqua\n', '179', 1),
(1167, 'BWV 537 - Fantasia e fuga in Do minore\n', '179', 0),
(1168, 'BWV 538 - Toccata e fuga Dorica in Re minore\n', '179', 0),
(1169, 'BWV 540 - Toccata e fuga in Fa maggiore\n', '179', 0),
(1170, 'BWV 542 - Fantasia e fuga Grande in Sol minore\n', '179', 0),
(1171, 'BWV 543 - Preludio e fuga in La minore\n', '179', 0),
(1172, 'BWV 547 - Preludio e fuga in Do maggiore\n', '179', 0),
(1173, 'BWV 549 - Preludio e fuga in Do minore\n', '179', 0),
(1174, 'BWV 564 - Toccata, adagio e fuga in Do maggiore\n', '179', 0),
(1175, 'BWV 565 - Toccata e fuga in Re minore\n', '179', 0),
(1176, 'BWV 572 - Fantasia in Sol maggiore\n', '179', 0),
(1177, 'BWV 575 - Fuga in Do minore\n', '179', 0),
(1178, 'BWV 578 - Piccola Fuga in Sol minore\n', '179', 0),
(1179, 'BWV 582 - Passacaglia e tema fugato in do minore\n', '179', 0),
(1180, 'BWV 591 - Piccolo labirinto armonico in Do maggiore\n', '179', 0),
(1181, 'BWV 603 - Puer natus in Bethlehem in Sol minore\n', '179', 0),
(1182, 'BWV 606 - Vom Himmel hoch, da komm ich her in Re maggiore\n', '179', 0),
(1183, 'BWV 607 - Vom Himmel kam der Engel Schar in Sol minore\n', '179', 0),
(1184, 'BWV 608 - In dulci jubilo in La maggiore\n', '179', 0),
(1185, 'BWV 831 - Ouverture francese in Si minore\n', '179', 0),
(1186, 'BWV 988 - Variazioni Goldberg\n', '179', 1),
(1187, 'BWV 992 - Capriccio sopra la lontananza del suo fratello dilettissimo\n', '179', 0),
(1188, 'G 18: Sonata per viola in do minore\n', '166', 0),
(1189, 'G 540: La Clementina, zarzuela\n', '166', 0),
(1190, 'Minuetto\n', '166', 1),
(1191, 'Quintetto per chitarra e quartetto darchi n.4 in re maggiore G.448 Fandango \n', '166', 0),
(1192, 'Quintetto per chitarra e quartetto darchi n.9 La musica notturna delle strade di Madrid\n', '166', 0),
(1193, '7 divertimenti per violino solo\n', '168', 0),
(1194, 'Concerto per flauto\n', '168', 0),
(1195, 'sonate\n', '168', 0),
(1196, 'fughe\n', '168', 0),
(1197, 'preludi\n', '168', 0),
(1198, 'duetti\n', '168', 0),
(1199, 'Il giocatore\n', '169', 0),
(1200, 'Lo sposo di tre e marito di nessuna\n', '169', 0),
(1201, 'L Olimpiade\n', '169', 0),
(1202, 'L Alessandro nelle Indie\n', '169', 0),
(1203, 'Ifigenia in Aulide\n', '169', 0),
(1204, 'Demophoon	\n', '169', 0),
(1205, 'Lodoiska\n', '169', 0),
(1206, 'Le congres des rois\n', '169', 0),
(1207, 'Elisa ou Le voyage aux glaciers du Mont Saint Bernard\n', '169', 0),
(1208, 'Medee\n', '169', 0),
(1209, 'Faniska\n', '169', 0),
(1210, 'Pimmalione\n', '169', 0),
(1211, 'Le crescendo\n', '169', 0),
(1212, 'Gli Abenceragi o Lo stendardo di Granata\n', '169', 0),
(1213, 'La marquise de Brinvilliers\n', '169', 0),
(1214, 'Ali Baba ou Les quarante voleurs	\n', '169', 0),
(1215, 'Requiem in do minore\n', '169', 0),
(1216, 'Una sinfonia\n', '169', 0),
(1217, 'Una cantata\n', '169', 0),
(1218, 'Una ouverture\n', '169', 0),
(1219, 'Un inno au printemps\n', '169', 0),
(1220, 'Orfeo ed Euridice \n', '170', 0),
(1221, 'Il trionfo di Clelia \n', '170', 0),
(1222, 'Alceste ', '170', 0),
(1223, 'Le feste d Apollo ', '170', 0),
(1224, 'Paride ed Elena ', '170', 0),
(1225, 'Iphigenie en Aulide ', '170', 0),
(1226, 'Armide, libretto di Philippe Quinault ', '170', 0),
(1227, 'Iphigenie en Tauride ', '170', 0),
(1228, 'Telemaco, o sia lisola di Circe \n', '170', 0),
(1229, 'Marc Antonio e Cleopatra ', '171', 0),
(1230, 'Artaserse \n', '171', 0),
(1231, 'Tito Vespasiano ', '171', 0),
(1232, 'Demofoonte ', '171', 0),
(1233, 'Attilio Regolo ', '171', 0),
(1234, 'L eroe cinese ', '171', 0),
(1235, 'Il re pastore ', '171', 0),
(1236, 'Le ultime sei Messe\n', '172', 0),
(1237, 'Il Ritorno di Tobia\n', '172', 0),
(1238, 'Die sieben letzten Worte unseres Erlosers am Kreuze \n', '172', 0),
(1239, 'La Creazione \n', '172', 0),
(1240, 'Le stagioni \n', '172', 0),
(1241, 'Acide e Galatea ', '172', 0),
(1242, 'La canterina ', '172', 0),
(1243, 'Lo speziale ', '172', 0),
(1244, 'Le pescatrici ', '172', 0),
(1245, 'Linfedelta delusa ', '172', 0),
(1246, 'Lincontro improvviso ', '172', 0),
(1247, 'Il mondo della luna ', '172', 0),
(1248, 'La vera costanza ', '172', 0),
(1249, 'Lisola disabitata ', '172', 0),
(1250, 'La fedelta premiata ', '172', 0),
(1251, 'Orlando Paladino ', '172', 0),
(1252, 'Armida ', '172', 0),
(1253, 'Lanima del filosofo ossia Orfeo ed Euridice ', '172', 0),
(1254, 'Il Parataio \n', '173', 0),
(1255, 'Ifigenia in Tauride ', '173', 0),
(1256, 'Eine kleine nachtmusik\n', '183', 1),
(1257, 'Die Schuldigkeit des ersten Gebotes[2] K35 - ', '183', 0),
(1258, 'Apollo et Hyacinthus K38 - ', '183', 0),
(1259, 'Bastien und Bastienne K50 - ', '183', 0),
(1260, 'La finta semplice K51 - ', '183', 0),
(1261, 'Mitridate, re di Ponto K87 ', '183', 0),
(1262, 'Ascanio in Alba K111 - ', '183', 0),
(1263, 'Il sogno di Scipione K126 - ', '183', 0),
(1264, 'Lucio Silla K135 - ', '183', 0),
(1265, 'La finta giardiniera K196 - ', '183', 0),
(1266, 'Il re pastore K208 - ', '183', 0),
(1267, 'Zaide K344 - ', '183', 0),
(1268, 'Thamos Konig in Agypten K345 ', '183', 0),
(1269, 'Idomeneo, ossia Ilia ed Idamante, K366 - ', '183', 0),
(1270, 'Die Entfuhrung aus dem Serail ', '183', 0),
(1271, 'Loca del Cairo K422 - ', '183', 0),
(1272, 'Lo sposo deluso, ossia La rivalita di tre donne per un solo amante K430 ', '183', 0),
(1273, 'Der Schauspieldirektor ', '183', 0),
(1274, 'Le nozze di Figaro K492 - ', '183', 0),
(1275, 'Don Giovanni, ossia Il dissoluto punito K527 - ', '183', 1),
(1276, 'Cosi fan tutte, ossia La Scuola degli Amanti K588 - ', '183', 1),
(1277, 'Die Zauberflote ', '183', 1),
(1278, 'La clemenza di Tito K621 - ', '183', 0),
(1279, 'Dominicus-Messe K 66\n', '183', 0),
(1280, 'Weisenhaus-Messe Missa solemnis K 139\n', '183', 0),
(1281, 'Trinitatis-Messe K 167\n', '183', 0),
(1282, 'Spatzen-Messe Missa brevis K 220\n', '183', 0),
(1283, 'Credo-Messe K 257\n', '183', 0),
(1284, 'Spaur-Messe Missa brevis K 258\n', '183', 0),
(1285, 'Orgelsolo-Messe Missa brevis K 259\n', '183', 0),
(1286, 'Krönungsmesse Missa solemnis K 317\n', '183', 0),
(1287, 'Missa aulica Missa solemnis K 337\n', '183', 0),
(1288, 'Messa in Do minore Missa solemnis K 427 ', '183', 0),
(1289, 'Messa di Requiem K 626 ', '183', 0),
(1290, 'Litaniae Lauretanae K 109\n', '183', 0),
(1291, 'Litaniae de venerabili altaris Sacramento K 125\n', '183', 0),
(1292, 'Dixit Dominus et Magnificat K 193\n', '183', 0),
(1293, 'Litaniae Lauretanae K 195\n', '183', 0),
(1294, 'Exultate Jubilate K 165 ', '183', 0),
(1295, 'Litaniae de venerabili altaris Sacramento K 243\n', '183', 0),
(1296, 'Vesperae de Dominica K 321\n', '183', 0),
(1297, 'Vesperae solemnes de confessore K 339\n', '183', 0),
(1298, 'Ave verum Corpus K 618\n', '183', 1),
(1299, 'Sinfonia n. 1 in Mi bemolle maggiore K 16\n', '183', 0),
(1300, 'Sinfonia n. 2 in Si bemolle maggiore K 17\n', '183', 0),
(1301, 'Sinfonia n. 3 in Mi bemolle maggiore K 18\n', '183', 0),
(1302, 'Sinfonia n. 4 in Re maggiore K 19\n', '183', 0),
(1303, 'Sinfonia n. 5 in Si bemolle maggiore K 22\n', '183', 0),
(1304, 'Sinfonia n. 6 in Fa maggiore K 43\n', '183', 0),
(1305, 'Sinfonia n. 7 in Re maggiore K 45\n', '183', 0),
(1306, 'Sinfonia n. 8 in Re maggiore K 48\n', '183', 0),
(1307, 'Sinfonia n. 9 in Do maggiore K 73\n', '183', 0),
(1308, 'Sinfonia n. 10 in Sol maggiore K 74\n', '183', 0),
(1309, 'Sinfonia n. 11 in Re maggiore K 84\n', '183', 0),
(1310, 'Sinfonia n. 12 in Sol maggiore K 110\n', '183', 0),
(1311, 'Sinfonia n. 13 in Fa maggiore K 112\n', '183', 0),
(1312, 'Sinfonia n. 14 in La maggiore K 114\n', '183', 0),
(1313, 'Sinfonia n. 15 in Sol maggiore K 124\n', '183', 0),
(1314, 'Sinfonia n. 16 in Do maggiore K 128\n', '183', 0),
(1315, 'Sinfonia n. 17 in Sol maggiore K 129\n', '183', 0),
(1316, 'Sinfonia n. 18 in Fa maggiore K 130\n', '183', 0),
(1317, 'Sinfonia n. 19 in Mi bemolle maggiore K 132\n', '183', 0),
(1318, 'Sinfonia n. 20 in Re maggiore K 133\n', '183', 0),
(1319, 'Sinfonia n. 21 in La maggiore K 134\n', '183', 0),
(1320, 'Sinfonia n. 22 in Do maggiore K 162\n', '183', 0),
(1321, 'Sinfonia n. 23 in Re maggiore K 181\n', '183', 0),
(1322, 'Sinfonia n. 24 in Si bemolle maggiore K 182\n', '183', 0),
(1323, 'Sinfonia n. 25 in Sol minore K 183\n', '183', 0),
(1324, 'Sinfonia n. 26 in Mi bemolle maggiore K 184\n', '183', 0),
(1325, 'Sinfonia n. 27 in Sol maggiore KV 199\n', '183', 0),
(1326, 'Sinfonia n. 28 in Do maggiore K 200\n', '183', 0),
(1327, 'Sinfonia n. 29 in La maggiore K 201\n', '183', 0),
(1328, 'Sinfonia n. 30 in Re maggiore K 202\n', '183', 0),
(1329, 'Sinfonia n. 31 in Re maggiore K 297 Pariser\n', '183', 0),
(1330, 'Sinfonia n. 32 in Sol maggiore K 318\n', '183', 0),
(1331, 'Sinfonia n. 33 in Si bemolle maggiore K 319\n', '183', 0),
(1332, 'Sinfonia n. 34 in Do maggiore K 338\n', '183', 0),
(1333, 'Sinfonia n. 35 in Re maggiore K 385 Haffner\n', '183', 0),
(1334, 'Sinfonia n. 36 in Do maggiore K 425 Linzer\n', '183', 0),
(1335, 'Introduzione per una sinfonia ', '183', 0),
(1336, 'Sinfonia n. 38 in Re maggiore K 504 Prager\n', '183', 0),
(1337, 'Sinfonia n. 39 in Mi bemolle maggiore K 543\n', '183', 0),
(1338, 'Sinfonia n. 40 in Sol minore K 550\n', '183', 0),
(1339, 'Sinfonia n. 41 in Do maggiore K 551 Jupiter\n', '183', 0),
(1340, 'Sinfonia concertante per violino, viola e orchestra in Mi bemolle maggiore K 364\n', '183', 0),
(1341, 'Sinfonia concertante per oboe, clarinetto, corno e fagotto in Mi bemolle maggiore K 297b\n', '183', 0),
(1342, 'Concerto per pianoforte o clavicembalo - K 107\n', '183', 0),
(1343, 'Concerto per pianoforte n. 1 in fa magg.', '183', 0),
(1344, 'Concerto per pianoforte n. 2 in si bemolle magg.', '183', 0),
(1345, 'Concerto per pianoforte n. 3 in re magg.', '183', 0),
(1346, 'Concerto per pianoforte n. 4 in sol magg.', '183', 0),
(1347, 'Concerto per pianoforte n. 5 in re magg. - K 175\n', '183', 0),
(1348, 'Concerto per pianoforte n. 6 in si bemolle magg. - K 238\n', '183', 0),
(1349, 'Concerto per tre pianoforti n. 7 in fa magg. Lodron-Konzert - K 242\n', '183', 0),
(1350, 'Concerto per pianoforte n. 8 in do magg. Lutzow-Konzert - K 246\n', '183', 0),
(1351, 'Concerto per pianoforte n. 9 in mi bemolle magg. Jeunehomme-Konzert - K 271\n', '183', 0),
(1352, 'Concerto per due pianoforti n. 10 in mi bemolle magg. - K 365\n', '183', 0),
(1353, 'Concerto per pianoforte n. 11 in fa magg. - K 413\n', '183', 0),
(1354, 'Concerto per pianoforte n. 12 in la magg. - K 414\n', '183', 0),
(1355, 'Concerto per pianoforte n. 13 in do magg. - K 415\n', '183', 0),
(1356, 'Concerto per pianoforte n. 14 in mi bemolle magg. - K 449\n', '183', 0),
(1357, 'Concerto per pianoforte n. 15 in si bemolle magg. - K 450\n', '183', 0),
(1358, 'Concerto per pianoforte n. 16 in re magg. - K 451\n', '183', 0),
(1359, 'Concerto per pianoforte n. 17 in sol magg. - K 453\n', '183', 0),
(1360, 'Concerto per pianoforte n. 18 in si bemolle magg. - K 456\n', '183', 0),
(1361, 'Concerto per pianoforte n. 19 in fa magg. - K 459 I.Kronungs-Konzert\n', '183', 0),
(1362, 'Concerto per pianoforte n. 20 in re min. - K 466\n', '183', 0),
(1363, 'Concerto per pianoforte n. 21 in do magg. - K 467\n', '183', 0),
(1364, 'Concerto per pianoforte n. 22 in mi bemolle magg. - K 482\n', '183', 0),
(1365, 'Concerto per pianoforte n. 23 in la magg. - K 488\n', '183', 0),
(1366, 'Concerto per pianoforte n. 24 in do min. - K 491\n', '183', 0),
(1367, 'Concerto per pianoforte n. 25 in do magg. - K 503\n', '183', 0),
(1368, 'Concerto per pianoforte n. 26 in re magg. - K 537 II.Kronungs-Konzert\n', '183', 0),
(1369, 'Concerto per pianoforte n. 27 in si bemolle magg. - K 595\n', '183', 0),
(1370, 'Concerto per flauto e arpa - K 299\n', '183', 0),
(1371, 'Concerto per flauto in sol mag K 313\n', '183', 0),
(1372, 'Concerto per oboe in do mag - K 314\n', '183', 0),
(1373, 'Concerto per flauto in re mag - K 314\n', '183', 0),
(1374, 'Concerto per clarinetto - K 622\n', '183', 0),
(1375, 'Concerto per violino n.1 - K 207\n', '183', 0),
(1376, 'Concerto per violino n.2 in re mag - K 211\n', '183', 0),
(1377, 'Concerto per violino n.3 - K 216\n', '183', 0),
(1378, 'Concerto per violino n.4 - K 218\n', '183', 0),
(1379, 'Concerto per violino n.5 - K 219\n', '183', 0),
(1380, 'Adagio in mi magg. - K 261\n', '183', 0),
(1381, 'Rondo in si bemolle magg. - K 269\n', '183', 0),
(1382, 'Rondo in do magg. - K 373\n', '183', 0),
(1383, 'Concertone per due violini e orchestra in do magg. - K 190\n', '183', 0),
(1384, 'Concerto per fagotto e orchestra - K 191\n', '183', 0),
(1385, 'Concerto per corno n. 1 - K 412\n', '183', 0),
(1386, 'Concerto per corno n. 2 - K 417\n', '183', 0),
(1387, 'Concerto per corno n. 3 - K 447\n', '183', 0),
(1388, 'Concerto per corno n. 4 - K 495\n', '183', 0),
(1389, 'Sonata per pianoforte n. 1 in Do maggiore K 279\n', '183', 0),
(1390, 'Sonata per pianoforte n. 2 in Fa maggiore K 280\n', '183', 0),
(1391, 'Sonata per pianoforte n. 3 in Si bemolle maggiore K 281\n', '183', 0),
(1392, 'Sonata per pianoforte n. 4 in Mi bemolle maggiore K 282\n', '183', 0),
(1393, 'Sonata per pianoforte n. 5 in Sol maggiore K 283\n', '183', 0),
(1394, 'Sonata per pianoforte n. 6 in Re maggiore K 284\n', '183', 0),
(1395, 'Sonata per pianoforte n. 7 in Do maggiore K 309\n', '183', 0),
(1396, 'Sonata per pianoforte n. 8 in La minore K 310\n', '183', 0),
(1397, 'Sonata per pianoforte n. 9 in Re maggiore K 311\n', '183', 0),
(1398, 'Sonata per pianoforte n. 10 in Do maggiore K 330\n', '183', 0),
(1399, 'Sonata per pianoforte n. 11 in La maggiore K 331\n', '183', 0),
(1400, 'Sonata per pianoforte n. 12 in Fa maggiore K 332\n', '183', 0),
(1401, 'Sonata per pianoforte n. 13 in Si bemolle maggiore K 333\n', '183', 0),
(1402, 'Sonata per pianoforte n. 14 in Do minore K 457\n', '183', 0),
(1403, 'Sonata per pianoforte n. 15 in Fa maggiore K 533/K 494\n', '183', 0),
(1404, 'Sonata per pianoforte n. 16 in Do maggiore K 545\n', '183', 0),
(1405, 'Sonata per pianoforte n. 17 in Si bemolle maggiore K 570\n', '183', 0),
(1406, 'Sonata per pianoforte n. 18 in Re maggiore K 576\n', '183', 0),
(1407, 'Dodici variazioni per pianoforte su Ah, vous dirais-je, Maman K 265\n', '183', 0),
(1408, 'Fantasia in re min K 397\n', '183', 0),
(1409, 'Fantasia in do min K 475\n', '183', 0),
(1410, 'Sonata per pianoforte e violino in fa mag K 377\n', '183', 0),
(1411, 'Sonata in do mag per due violini, violoncello, basso, due oboi, due trombe, timpani e organo K 278 ', '183', 0),
(1412, 'Divertimento ', '183', 0),
(1413, 'Quartetto per archi in sol mag K 387\n', '183', 0),
(1414, 'Quartetto in si bemolle mag La caccia K 458\n', '183', 0),
(1415, 'Quartetto in do maggiore Quartetto delle dissonanze K 465\n', '183', 0),
(1416, 'Quartetto K 370 in fa mag per oboe, violino, viola e violoncello\n', '183', 0),
(1417, 'Quintetto per pianoforte e fiati in mi bemolle mag K 452\n', '183', 0),
(1418, 'Quintetto per clarinetto e archi in la mag K 581\n', '183', 0),
(1419, 'Adagio e rondo in do min per glassarmonica, flauto, oboe, viola e violoncello K 617\n', '183', 0),
(1420, 'Serenata in si bemolle mag K 361 ', '183', 0),
(1421, 'Serenata in Do min K 388 ', '183', 0),
(1422, 'R 1.63 La serva padrona ', '175', 1),
(1423, 'R 1.86 Elfrida ', '175', 0),
(1424, 'Lidolo cinese	\n', '175', 0),
(1425, 'Sismano nel Mogol\n', '175', 0),
(1426, 'Il Socrate immaginario		\n', '175', 0),
(1427, 'Il matrimonio inaspettato\n', '175', 0),
(1428, 'Il barbiere di Siviglia, ovvero La precauzione inutile\n', '175', 0),
(1429, 'Nina, o sia La pazza per amore\n', '175', 0),
(1430, 'Lamor contrastato\n', '175', 0),
(1431, 'Il nuovo maestro di cappella\n', '175', 0),
(1432, 'Andromaca\n', '175', 0),
(1433, 'Sinfonia n. 1 in Do maggiore, op. 21 ', '', 0),
(1434, 'Sinfonia n. 2 in Re maggiore, op. 36 ', '', 0),
(1435, 'Sinfonia n. 3 in Mi bemolle maggiore, op. 55 "Eroica" ', '', 0),
(1436, 'Sinfonia n. 4 in Si bemolle maggiore, op. 60 ', '', 0),
(1437, 'Sinfonia n. 5 in do minore, op. 67 ', '', 0),
(1438, 'Sinfonia n. 6 in Fa maggiore, op. 68 "Pastorale" ', '', 0),
(1439, 'Sinfonia n. 7 in La maggiore, op. 92 ', '', 0),
(1440, 'Sinfonia n. 8 in Fa maggiore, op. 93 ', '', 0),
(1441, 'Sinfonia n. 9 in re minore, op. 125 "Corale" ', '', 0),
(1442, 'Le creature di Prometeo, ', '', 0),
(1443, 'Coriolano ', '', 0),
(1444, 'Romanza per violino n. 1, op. 40, in Sol Maggiore ', '', 0),
(1445, 'Romanza per violino n. 2, op. 50, in Fa Maggiore ', '', 0),
(1446, 'Fantasia per pianoforte, coro, soli ', '', 0),
(1447, 'Concerto n. 1 in Do maggiore, op. 15 ', '', 0),
(1448, 'Concerto n. 2 in Si bemolle maggiore, op. 19 ', '', 0),
(1449, 'Concerto n. 3 in do minore, op. 37 ', '', 0),
(1450, 'Concerto n. 4 in Sol maggiore, op. 58 ', '', 0),
(1451, 'Concerto n. 5 in Mi bemolle maggiore, op. 73 "Imperatore" ', '', 0),
(1452, 'Triplo concerto per pianoforte, violino, violoncello e orchestra in Do maggiore, op. 56 ', '', 0),
(1453, 'Concerto per violino e orchestra in Re maggiore, op. 61 ', '', 0),
(1454, '3 Sonate op. 2 ', '', 0),
(1455, 'Sonata n. 4 in Mi bemolle Maggiore, op. 7 ', '', 0),
(1456, '3 Sonate op. 10 ', '', 0),
(1457, 'Sonata n. 8 in do minore op. 13 "Patetica" ', '', 0),
(1458, '2 sonate op. 14 ', '', 0),
(1459, 'Sonata n. 11 in Si bemolle maggiore op. 22 ', '', 0),
(1460, 'Sonata n. 12 in La bemolle maggiore op. 26 ', '', 0),
(1461, '2 sonate op. 27 ', '', 0),
(1462, 'Sonata n. 15 in Re maggiore op. 28 "Pastorale"[66] ', '', 0),
(1463, '3 Sonate op. 31 ', '', 0),
(1464, '2 Sonate[67] op. 49 ', '', 0),
(1465, 'Sonata n. 21 in Do maggiore op. 53 "Aurora" ', '', 0),
(1466, 'Sonata n. 22 in Fa maggiore op. 54 ', '', 0),
(1467, 'Sonata n. 23 in fa minore op. 57 "Appassionata" ', '', 0),
(1468, 'Sonata n. 24 in Fa diesis maggiore op. 78 ', '', 0),
(1469, 'Sonata n. 25 in Sol maggiore op. 79 ', '', 0),
(1470, 'Sonata n. 26 in Mi bemolle maggiore op. 81a "gli Addii" ', '', 0),
(1471, 'Sonata n. 27 in mi minore op. 90 ', '', 0),
(1472, 'Sonata n. 28 in La maggiore op. 101 ', '', 0),
(1473, 'Sonata n. 29 in Si bemolle maggiore op. 106 "Hammerklavier" ', '', 0),
(1474, 'Sonata n. 30 in Mi maggiore op. 109 ', '', 0),
(1475, 'Sonata n. 31 in La bemolle maggiore op. 110 ', '', 0),
(1476, 'Sonata n. 32 in do minore op. 111 ', '', 0),
(1477, '33 variazioni sopra un valzer di Diabelli in do maggiore op. 120 ', '', 0),
(1478, 'Bagatella «Per Elisa», in La minore, WoO 59 ', '', 0),
(1479, '6 Quartetti per archi op. 18 ', '', 0),
(1480, '3 Quartetti per archi op. 59 "Razumovsky" ', '', 0),
(1481, 'Quartetto per archi in Mi bemolle maggiore op. 74 "delle Arpe" ', '', 0),
(1482, 'Quartetto per archi in Fa minore op. 95 "Serioso" ', '', 0),
(1483, 'Quartetto per archi in Mi bemolle maggiore op. 127 ', '', 0),
(1484, 'Quartetto per archi in Si bemolle maggiore op. 130 ', '', 0),
(1485, 'Quartetto per archi in Do diesis minore op. 131 ', '', 0),
(1486, 'Quartetto per archi in La minore op. 132 ', '', 0),
(1487, 'Quartetto per archi in Fa maggiore op. 135 ', '', 0),
(1488, 'Grande fuga in Si bemolle maggiore op. 133 per quartetto per archi ', '', 0),
(1489, 'Fidelio, op. 72 ', '', 0),
(1490, 'Cristo sul Monte degli Ulivi, oratorio, op. 85 ', '', 0),
(1491, 'Messa in do maggiore, op. 86 ', '', 0),
(1492, 'Missa Solemnis, in re maggiore, op. 123 ', '', 0),
(1493, 'Sinfonia n. 1 in Do maggiore, op. 21 ', '181', 0),
(1494, 'Sinfonia n. 2 in Re maggiore, op. 36 ', '181', 0),
(1495, 'Sinfonia n. 3 in Mi bemolle maggiore, op. 55 "Eroica" ', '181', 1),
(1496, 'Sinfonia n. 4 in Si bemolle maggiore, op. 60 ', '181', 0),
(1497, 'Sinfonia n. 5 in do minore, op. 67 ', '181', 0),
(1498, 'Sinfonia n. 6 in Fa maggiore, op. 68 "Pastorale" ', '181', 1),
(1499, 'Sinfonia n. 7 in La maggiore, op. 92 ', '181', 0),
(1500, 'Sinfonia n. 8 in Fa maggiore, op. 93 ', '181', 0),
(1501, 'Sinfonia n. 9 in re minore, op. 125 "Corale" ', '181', 1),
(1502, 'Le creature di Prometeo, ', '181', 0),
(1503, 'Coriolano ', '181', 1),
(1504, 'Romanza per violino n. 1, op. 40, in Sol Maggiore ', '181', 1),
(1505, 'Romanza per violino n. 2, op. 50, in Fa Maggiore ', '181', 0),
(1506, 'Fantasia per pianoforte, coro, soli ', '181', 0),
(1507, 'Concerto n. 1 in Do maggiore, op. 15 ', '181', 0),
(1508, 'Concerto n. 2 in Si bemolle maggiore, op. 19 ', '181', 0),
(1509, 'Concerto n. 3 in do minore, op. 37 ', '181', 0),
(1510, 'Concerto n. 4 in Sol maggiore, op. 58 ', '181', 0),
(1511, 'Concerto n. 5 in Mi bemolle maggiore, op. 73 "Imperatore" ', '181', 0),
(1512, 'Triplo concerto per pianoforte, violino, violoncello e orchestra in Do maggiore, op. 56 ', '181', 0),
(1513, 'Concerto per violino e orchestra in Re maggiore, op. 61 ', '181', 0),
(1514, '3 Sonate op. 2 ', '181', 0),
(1515, 'Sonata n. 4 in Mi bemolle Maggiore, op. 7 ', '181', 0),
(1516, '3 Sonate op. 10 ', '181', 0),
(1517, 'Sonata n. 8 in do minore op. 13 "Patetica" ', '181', 1),
(1518, '2 sonate op. 14 ', '181', 0),
(1519, 'Sonata n. 11 in Si bemolle maggiore op. 22 ', '181', 0),
(1520, 'Sonata n. 12 in La bemolle maggiore op. 26 ', '181', 0),
(1521, '2 sonate op. 27 ', '181', 0),
(1522, 'Sonata n. 15 in Re maggiore op. 28 "Pastorale"[66] ', '181', 0),
(1523, '3 Sonate op. 31 ', '181', 0),
(1524, '2 Sonate op. 49 ', '181', 0),
(1525, 'Sonata n. 21 in Do maggiore op. 53 "Aurora" ', '181', 0),
(1526, 'Sonata n. 22 in Fa maggiore op. 54 ', '181', 0),
(1527, 'Sonata n. 23 in fa minore op. 57 "Appassionata" ', '181', 0),
(1528, 'Sonata n. 24 in Fa diesis maggiore op. 78 ', '181', 0),
(1529, 'Sonata n. 25 in Sol maggiore op. 79 ', '181', 0),
(1530, 'Sonata n. 26 in Mi bemolle maggiore op. 81a "gli Addii" ', '181', 0),
(1531, 'Sonata n. 27 in mi minore op. 90 ', '181', 0),
(1532, 'Sonata n. 28 in La maggiore op. 101 ', '181', 0),
(1533, 'Sonata n. 29 in Si bemolle maggiore op. 106 "Hammerklavier" ', '181', 0),
(1534, 'Sonata n. 30 in Mi maggiore op. 109 ', '181', 0),
(1535, 'Sonata n. 31 in La bemolle maggiore op. 110 ', '181', 0),
(1536, 'Sonata n. 32 in do minore op. 111 ', '181', 0),
(1537, '33 variazioni sopra un valzer di Diabelli in do maggiore op. 120 ', '181', 0),
(1538, 'Per Elisa, in La minore, WoO 59 ', '181', 1),
(1539, '6 Quartetti per archi op. 18 ', '181', 0),
(1540, '3 Quartetti per archi op. 59 "Razumovsky" ', '181', 0),
(1541, 'Quartetto per archi in Mi bemolle maggiore op. 74 "delle Arpe" ', '181', 1),
(1542, 'Quartetto per archi in Fa minore op. 95 "Serioso" ', '181', 0),
(1543, 'Quartetto per archi in Mi bemolle maggiore op. 127 ', '181', 0),
(1544, 'Quartetto per archi in Si bemolle maggiore op. 130 ', '181', 0),
(1545, 'Quartetto per archi in Do diesis minore op. 131 ', '181', 0),
(1546, 'Quartetto per archi in La minore op. 132 ', '181', 0),
(1547, 'Quartetto per archi in Fa maggiore op. 135 ', '181', 0),
(1548, 'Grande fuga in Si bemolle maggiore op. 133 per quartetto per archi ', '181', 0),
(1549, 'Fidelio, op. 72 ', '181', 1),
(1550, 'Cristo sul Monte degli Ulivi, oratorio, op. 85 ', '181', 0),
(1551, 'Messa in do maggiore, op. 86 ', '181', 0),
(1552, 'Missa Solemnis, in re maggiore, op. 123 ', '181', 0);

-- --------------------------------------------------------

--
-- Table structure for table `Utente`
--

CREATE TABLE `Utente` (
  `IDBrano` mediumint(9) NOT NULL,
  `Voto` tinyint(4) NOT NULL,
  `IDUtente` mediumint(9) NOT NULL
) ENGINE=InnoDB DEFAULT CHARSET=latin1;

--
-- Dumping data for table `Utente`
--

INSERT INTO `Utente` (`IDBrano`, `Voto`, `IDUtente`) VALUES
(130, 4, 1),
(250, 5, 1),
(356, 2, 1),
(358, 4, 2),
(900, 4, 2),
(965, 1, 1),
(998, 4, 2),
(1111, 1, 2),
(1159, 1, 2),
(1160, 4, 1),
(1167, 4, 2),
(1493, 2, 2),
(1549, 5, 2);

--
-- Indexes for dumped tables
--

--
-- Indexes for table `Autori`
--
ALTER TABLE `Autori`
  ADD PRIMARY KEY (`IDAutore`);

--
-- Indexes for table `Brani`
--
ALTER TABLE `Brani`
  ADD PRIMARY KEY (`IDBrano`);

--
-- Indexes for table `Utente`
--
ALTER TABLE `Utente`
  ADD PRIMARY KEY (`IDBrano`,`IDUtente`);

--
-- AUTO_INCREMENT for dumped tables
--

--
-- AUTO_INCREMENT for table `Autori`
--
ALTER TABLE `Autori`
  MODIFY `IDAutore` mediumint(20) NOT NULL AUTO_INCREMENT, AUTO_INCREMENT=185;
--
-- AUTO_INCREMENT for table `Brani`
--
ALTER TABLE `Brani`
  MODIFY `IDBrano` mediumint(20) NOT NULL AUTO_INCREMENT, AUTO_INCREMENT=1553;
/*!40101 SET CHARACTER_SET_CLIENT=@OLD_CHARACTER_SET_CLIENT */;
/*!40101 SET CHARACTER_SET_RESULTS=@OLD_CHARACTER_SET_RESULTS */;
/*!40101 SET COLLATION_CONNECTION=@OLD_COLLATION_CONNECTION */;
